[
    {
        "ID": "5006",
        "Name": "چای سفید",
        "Count": "1",
        "Price": "20000",
        "TotalAmount": "20000"
    },
    {
        "ID": "5008",
        "Name": "چای ماسالا",
        "Count": "2",
        "Price": "33000",
        "TotalAmount": "66000"
    },
    {
        "ID": "5012",
        "Name": "ماکیاتو",
        "Count": "2",
        "Price": "49000",
        "TotalAmount": "98000"
    }
]
// [
//     {
//         "ID": "5006",
//         "Name": "چای سفید",
//         "Count": "1",
//         "Price": "20000",
//         "TotalAmount": "20000"
//     },
//     {
//         "ID": "5008",
//         "Name": "چای ماسالا",
//         "Count": "2",
//         "Price": "33000",
//         "TotalAmount": "66000"
//     }
// ]